{"cameraMode":{"drawMode":0,"name":"Shaded","section":"Shading Mode"},"sceneLighting":false,"audioPlay":false,"sceneViewState":{"m_AlwaysRefresh":false,"showFog":true,"showSkybox":false,"showFlares":true,"showImageEffects":true,"showParticleSystems":true,"showVisualEffectGraphs":true,"m_FxEnabled":true},"in2DMode":false,"pivot":{"x":-12.706851959228516,"y":-2.0800065994262697,"z":-10.810608863830567},"rotation":{"x":-0.04486427083611488,"y":-0.3694705069065094,"z":0.017861947417259218,"w":-0.9279894828796387},"size":0.17320549488067628,"orthographic":false}